{
    "rmse": 6.4243146230639105,
    "mae": 4.722984016351417,
    "r2": 0.5560224810882444
}