{
    "rmse": 7.269082450788904,
    "mae": 5.221206057981345,
    "r2": 0.4315836440324846
}